Model,Train RMSE,Test RMSE,Test MAE,Test R²,Train Time (s)
Extra Trees,0.2887010913391621,1.397984115108813,0.7316141108807425,0.9909843486883911,0.4134683609008789
Random Forest,0.564292938080814,1.4339738997308336,0.737572728273419,0.9905141745997889,0.9428086280822754
Gradient Boosting,0.9657572817178287,1.4956388672037537,0.806488713348598,0.9896807978891183,4.021444320678711
Ridge Regression,1.773068825602804,1.7857600717668984,1.0958104936442108,0.9852891133298571,0.0023946762084960938
Lasso Regression,1.9964736671361125,2.0400940490078576,1.1553663730299473,0.9808003632850542,0.17133784294128418
SVR (RBF),1.5903942267891527,5.919333356282388,4.211638822454386,0.8383639493520896,8.31775426864624
Neural Network,1.5678913665681304,11.203130169057731,9.113671456459766,0.4210095540251567,2.2973663806915283
