Model,Train RMSE,Test RMSE,Test MAE,Test R²,Train Time (s)
Extra Trees,0.4124879202498507,1.8788768796361122,1.4227336666666714,0.9747479635515074,0.16045331954956055
Ridge Regression,2.5115985470974542,2.0285039985070745,1.397651799795298,0.9705658499729068,0.009084463119506836
Gradient Boosting,0.2975706343897916,2.2139469731348185,1.5862799166922914,0.9649382012624321,0.7206401824951172
Random Forest,0.7440493808072914,2.2610642294291416,1.6815299203679923,0.9634299493567406,0.20829534530639648
Lasso Regression,2.5857674508165154,2.2673668921149566,1.5280154294754476,0.9632257889162938,0.011445999145507812
SVR (RBF),2.1575098186483492,2.3598662620028277,1.4931067230294963,0.960164108048971,0.13475823402404785
Neural Network,2.0433423868695977,2.562864661030009,1.919869115048279,0.9530158787769248,1.8408348560333252
