Model,Train RMSE,Test RMSE,Test MAE,Test R²,Train Time (s)
Extra Trees,0.4124879202498507,1.8788768796361113,1.4227336666666708,0.9747479635515074,0.33019304275512695
Ridge Regression,2.511598547097457,2.0285039985070865,1.3976517997953088,0.9705658499729065,0.018838167190551758
Gradient Boosting,0.2975706343897916,2.2139469731348185,1.5862799166922914,0.9649382012624321,1.213508129119873
Random Forest,0.7440493808072911,2.261064229429144,1.681529920367993,0.9634299493567406,0.41881299018859863
Lasso Regression,2.5857674508165154,2.2673668921149557,1.528015429475448,0.9632257889162938,0.018574953079223633
SVR (RBF),2.157509818648347,2.3598662620028272,1.4931067230295005,0.960164108048971,0.2064671516418457
Neural Network,2.043342386869598,2.562864661030007,1.9198691150482763,0.953015878776925,2.502098798751831
