Model,Train RMSE,Test RMSE,Test MAE,Test R²,Train Time (s)
Ridge Regression,0.07967664028730795,0.06748492167838083,0.04261535771549979,0.9999672807642354,0.001047372817993164
Lasso Regression,0.11194840161463426,0.11987522110002216,0.10717203057390631,0.9998967598808335,0.007393360137939453
Gradient Boosting,0.047916665684675556,0.2815390493570848,0.2228665460750722,0.9994305351344425,0.3821120262145996
Extra Trees,0.07279544324049851,0.33072693667084385,0.23945165876777796,0.9992141696619731,0.09013223648071289
Random Forest,0.20416019527856605,0.42426283882405535,0.32443268976283934,0.9987068180269068,0.12956857681274414
SVR (RBF),0.552646027041693,1.1781086022085188,0.7613105060881304,0.990028504239319,0.08297514915466309
Neural Network,0.43090920759023854,1.2934117408541308,0.9390352316424726,0.9879811406589262,1.1993129253387451
